City_ID,City,Country,Date,Lat,Lng,Max Temp,Humidity,Cloudiness,Wind Speed
0,Punta Arenas,CL,2022-04-03 10:25:53,-53.15,-70.9167,44.71,81,0,20.71
1,Ribeira Grande,PT,2022-04-03 10:25:54,38.5167,-28.7,63.0,82,40,16.11
2,Ilebo,CD,2022-04-03 10:25:54,-4.3167,20.5833,88.75,48,95,2.71
3,Iqaluit,CA,2022-04-03 10:25:54,63.7506,-68.5145,24.53,92,100,18.41
4,Arraial Do Cabo,BR,2022-04-03 10:25:55,-22.9661,-42.0278,75.16,94,75,5.75
5,Nuuk,GL,2022-04-03 10:21:31,64.1835,-51.7216,32.61,100,40,2.3
6,Lazaro Cardenas,MX,2022-04-03 10:25:55,17.9583,-102.2,67.26,88,2,3.71
7,Prince Rupert,CA,2022-04-03 10:25:55,54.3161,-130.3201,38.89,87,75,25.32
8,Jamestown,US,2022-04-03 10:22:26,42.097,-79.2353,34.02,72,100,3.44
9,Vaini,TO,2022-04-03 10:25:56,-21.2,-175.2,77.16,94,20,3.44
10,Yazman,PK,2022-04-03 10:25:56,29.1212,71.7446,104.09,3,17,8.63
11,Namatanai,PG,2022-04-03 10:25:56,-3.6667,152.4333,80.13,81,100,3.91
12,Alofi,NU,2022-04-03 10:25:56,-19.0595,-169.9187,71.49,94,10,2.3
13,Cherskiy,RU,2022-04-03 10:25:57,68.75,161.3,-9.71,100,95,4.63
14,Butaritari,KI,2022-04-03 10:25:57,3.0707,172.7902,81.48,78,42,20.27
15,Tilichiki,RU,2022-04-03 10:25:57,60.4667,166.1,11.35,90,98,6.87
16,Ushuaia,AR,2022-04-03 10:25:58,-54.8,-68.3,42.46,75,75,24.16
17,Bluff,NZ,2022-04-03 10:25:58,-46.6,168.3333,57.16,72,95,14.36
18,Disna,BY,2022-04-03 10:25:58,55.568,28.1971,36.34,40,38,10.89
19,Piranhas,BR,2022-04-03 10:25:58,-16.4269,-51.8222,70.54,87,2,3.56
20,Chuy,UY,2022-04-03 10:25:59,-33.6971,-53.4616,62.01,94,100,6.89
21,Tuktoyaktuk,CA,2022-04-03 10:25:59,69.4541,-133.0374,-16.22,100,99,4.05
22,Qaanaaq,GL,2022-04-03 10:25:59,77.484,-69.3632,7.43,69,9,7.87
23,Atuona,PF,2022-04-03 10:26:00,-9.8,-139.0333,79.56,70,99,19.91
24,Port Elizabeth,ZA,2022-04-03 10:26:00,-33.918,25.5701,74.1,94,100,5.75
25,Aleysk,RU,2022-04-03 10:26:00,52.4926,82.7822,42.75,86,100,16.55
26,Haines Junction,CA,2022-04-03 10:26:00,60.7522,-137.5108,28.35,86,100,1.14
27,Ambilobe,MG,2022-04-03 10:26:01,-13.2,49.05,87.42,63,47,5.39
28,Evensk,RU,2022-04-03 10:26:01,61.95,159.2333,11.08,86,14,7.31
29,Hermanus,ZA,2022-04-03 10:26:01,-34.4187,19.2345,74.8,64,63,10.67
30,Kavieng,PG,2022-04-03 10:26:02,-2.5744,150.7967,82.0,75,89,6.26
31,Coquimbo,CL,2022-04-03 10:26:02,-29.9533,-71.3436,49.73,93,75,3.44
32,Katsuura,JP,2022-04-03 10:26:02,35.1333,140.3,55.36,72,100,16.2
33,Bambous Virieux,MU,2022-04-03 10:26:03,-20.3428,57.7575,84.22,78,40,17.27
34,Los Llanos De Aridane,ES,2022-04-03 10:26:03,28.6585,-17.9182,60.55,98,75,19.57
35,Impfondo,CG,2022-04-03 10:26:03,1.6381,18.0667,83.35,56,99,3.29
36,Bredasdorp,ZA,2022-04-03 10:26:03,-34.5322,20.0403,69.67,62,52,11.68
37,La Ronge,CA,2022-04-03 10:26:04,55.1001,-105.2842,28.65,80,100,10.36
38,Nikolskoye,RU,2022-04-03 10:26:04,59.7035,30.7861,38.88,62,25,6.78
39,Grand Gaube,MU,2022-04-03 10:26:05,-20.0064,57.6608,84.38,76,87,11.01
40,Mar Del Plata,AR,2022-04-03 10:26:05,-38.0023,-57.5575,60.87,89,0,20.0
41,Yellowknife,CA,2022-04-03 10:26:05,62.456,-114.3525,-1.44,71,0,10.36
42,Busselton,AU,2022-04-03 10:23:26,-33.65,115.3333,64.63,86,99,19.04
43,Amod,IN,2022-04-03 10:26:05,21.9833,72.9,100.72,20,2,12.37
44,Guerrero Negro,MX,2022-04-03 10:26:06,27.9769,-114.0611,58.06,83,90,9.86
45,Tiksi,RU,2022-04-03 10:27:06,71.6872,128.8694,-4.34,100,100,7.07
46,Gizo,SB,2022-04-03 10:27:06,-8.103,156.8419,82.76,75,61,8.37
47,Kumylzhenskaya,RU,2022-04-03 10:27:07,49.8809,42.5898,64.98,56,63,16.4
48,Boa Vista,BR,2022-04-03 10:27:07,2.8197,-60.6733,75.18,88,75,3.44
49,Gat,IL,2022-04-03 10:27:07,31.61,34.7642,84.4,29,98,11.12
50,Narsaq,GL,2022-04-03 10:27:07,60.9167,-46.05,35.82,72,98,6.42
51,San Patricio,US,2022-04-03 10:27:08,28.017,-97.5169,69.89,95,4,4.27
52,Pevek,RU,2022-04-03 10:27:08,69.7008,170.3133,-13.52,97,94,3.38
53,Norman Wells,CA,2022-04-03 10:27:09,65.282,-126.8329,-23.76,69,20,2.3
54,Bengkulu,ID,2022-04-03 10:27:09,-3.8004,102.2655,83.95,67,19,8.08
55,Rikitea,PF,2022-04-03 10:24:29,-23.1203,-134.9692,75.74,63,10,8.21
56,Shimoda,JP,2022-04-03 10:27:09,34.6667,138.95,47.1,90,100,19.66
57,The Valley,AI,2022-04-03 10:27:09,18.217,-63.0578,77.09,70,7,19.89
58,Hilo,US,2022-04-03 10:27:10,19.7297,-155.09,73.13,90,100,3.44
59,Ostrovnoy,RU,2022-04-03 10:27:10,68.0531,39.5131,24.01,81,100,10.25
60,Albany,US,2022-04-03 10:22:14,42.6001,-73.9662,34.56,75,100,1.74
61,Ponta Do Sol,PT,2022-04-03 10:27:10,32.6667,-17.1,64.0,82,100,14.79
62,Hobart,AU,2022-04-03 10:27:11,-42.8794,147.3294,57.25,91,75,4.61
63,Vygonichi,RU,2022-04-03 10:27:11,53.0985,34.0673,33.91,75,75,13.42
64,Lamu,KE,2022-04-03 10:27:11,-2.2717,40.902,89.82,62,96,10.71
65,Kapaa,US,2022-04-03 10:27:12,22.0752,-159.319,73.38,84,100,20.71
66,Kaspiyskiy,RU,2022-04-03 10:27:12,45.3929,47.3707,70.48,39,10,7.54
67,Leh,IN,2022-04-03 10:27:12,34.1667,77.5833,39.79,38,84,5.03
68,Manyana,BW,2022-04-03 10:27:12,-23.4,21.7167,77.63,50,79,13.47
69,Mataura,NZ,2022-04-03 10:27:13,-46.1927,168.8643,49.26,93,66,2.53
70,Sakakah,SA,2022-04-03 10:27:13,29.9697,40.2064,96.37,8,100,3.49
71,Kinablangan,PH,2022-04-03 10:27:13,7.6947,126.5503,79.0,82,100,5.77
72,Coolum Beach,AU,2022-04-03 10:27:14,-26.5333,153.1,74.1,89,6,5.39
73,Sharan,RU,2022-04-03 10:27:14,54.8167,54.0,44.31,98,75,17.69
74,Port Alfred,ZA,2022-04-03 10:22:30,-33.5906,26.891,76.17,81,99,5.99
75,Gwadar,PK,2022-04-03 10:27:14,25.1216,62.3254,83.57,49,28,7.38
76,Komsomolskiy,UZ,2022-04-03 10:27:14,40.4272,71.7189,74.12,31,0,4.61
77,Tyukhtet,RU,2022-04-03 10:27:15,56.5389,89.3011,28.89,88,100,5.93
78,Bull Savanna,JM,2022-04-03 10:27:15,17.8868,-77.5902,70.77,86,6,5.06
79,Kabompo,ZM,2022-04-03 10:27:15,-13.5927,24.2008,72.99,79,81,5.86
80,Tutoia,BR,2022-04-03 10:27:16,-2.7619,-42.2744,75.22,89,70,6.76
81,Karasjok,NO,2022-04-03 10:27:16,69.4719,25.5112,25.0,81,96,12.55
82,Santa Maria,BR,2022-04-03 10:22:29,-29.6842,-53.8069,61.9,100,75,8.05
83,Bom Jesus,BR,2022-04-03 10:27:16,-9.0744,-44.3586,73.62,73,66,1.95
84,Sao Joaquim,BR,2022-04-03 10:27:17,-28.2939,-49.9317,54.1,94,95,6.93
85,Padang,ID,2022-04-03 10:27:17,-0.9492,100.3543,84.25,66,73,5.19
86,Lompoc,US,2022-04-03 10:27:17,34.6391,-120.4579,57.13,90,100,3.44
87,Tuatapere,NZ,2022-04-03 10:27:17,-46.1333,167.6833,51.89,89,84,3.42
88,Hithadhoo,MV,2022-04-03 10:27:18,-0.6,73.0833,83.86,69,55,6.58
89,Dikson,RU,2022-04-03 10:27:18,73.5069,80.5464,7.34,92,26,8.5
90,Alausi,EC,2022-04-03 10:27:18,-2.2,-78.8333,47.32,89,52,5.1
91,Kloulklubed,PW,2022-04-03 10:27:19,7.0419,134.2556,79.3,74,95,9.08
92,Cape Town,ZA,2022-04-03 10:24:15,-33.9258,18.4232,77.41,52,0,5.99
93,Castro,BR,2022-04-03 10:28:19,-24.7911,-50.0119,60.22,93,100,10.42
94,Bac Lieu,VN,2022-04-03 10:28:19,9.285,105.7244,83.53,69,100,13.04
95,Coihaique,CL,2022-04-03 10:28:19,-45.5752,-72.0662,43.41,75,40,5.75
96,San Julian,MX,2022-04-03 10:28:20,21.0167,-102.1667,56.88,24,25,2.42
97,Saint Anthony,US,2022-04-03 10:28:20,45.0205,-93.218,31.21,78,0,0.0
98,Saint George,US,2022-04-03 10:28:20,37.1041,-113.5841,61.39,36,0,3.44
99,Lulea,SE,2022-04-03 10:28:21,65.5842,22.1547,28.47,74,20,4.61
100,Cabedelo,BR,2022-04-03 10:28:21,-6.9811,-34.8339,77.67,80,46,10.65
101,Havelock,US,2022-04-03 10:28:22,34.8791,-76.9013,57.15,95,20,0.0
102,Thompson,CA,2022-04-03 10:25:50,55.7435,-97.8558,15.96,73,40,2.3
103,Bethel,US,2022-04-03 10:28:22,41.3712,-73.414,38.48,85,20,0.0
104,Boulder,US,2022-04-03 10:28:22,40.0833,-105.3505,44.76,50,0,8.05
105,Flin Flon,CA,2022-04-03 10:28:22,54.7682,-101.865,23.18,96,100,5.23
106,Karratha,AU,2022-04-03 10:28:23,-20.7377,116.8463,85.44,63,5,13.53
107,Wajid,SO,2022-04-03 10:28:23,3.8093,43.2471,99.43,19,60,16.06
108,Dok Kham Tai,TH,2022-04-03 10:28:23,19.1624,99.9934,89.08,100,6,1.43
109,Sinnamary,GF,2022-04-03 10:28:24,5.3833,-52.95,77.2,88,95,10.98
110,Hobyo,SO,2022-04-03 10:28:24,5.3505,48.5268,86.31,59,21,12.21
111,Lagoa,PT,2022-04-03 10:28:24,39.05,-27.9833,59.18,89,82,26.46
112,Betsiamites,CA,2022-04-03 10:28:25,48.9413,-68.646,27.0,83,3,9.48
113,Ilhabela,BR,2022-04-03 10:28:25,-23.7781,-45.3581,74.23,90,81,7.85
114,Beira,MZ,2022-04-03 10:28:25,-19.8436,34.8389,86.09,74,20,11.5
115,Ponca City,US,2022-04-03 10:28:26,36.707,-97.0856,51.76,61,0,13.8
116,Torbat-E Jam,IR,2022-04-03 10:28:26,35.244,60.6225,79.56,10,5,4.74
117,Zhezkazgan,KZ,2022-04-03 10:28:26,47.8043,67.7144,62.58,31,0,6.71
118,Dalbandin,PK,2022-04-03 10:28:26,28.8947,64.4101,90.03,5,24,3.38
119,Kununurra,AU,2022-04-03 10:28:27,-15.7667,128.7333,80.58,57,31,1.14
120,Puerto Ayora,EC,2022-04-03 10:28:27,-0.7393,-90.3518,77.16,87,15,6.64
121,Laguna,US,2022-04-03 10:28:23,38.421,-121.4238,57.63,67,0,1.01
122,Road Town,VG,2022-04-03 10:27:03,18.4167,-64.6167,75.0,65,3,19.98
123,Esperance,AU,2022-04-03 10:28:27,-33.8667,121.9,73.24,71,92,9.37
124,Tasiilaq,GL,2022-04-03 10:28:28,65.6145,-37.6368,24.96,91,97,3.87
125,Bollnas,SE,2022-04-03 10:28:28,61.3482,16.3946,40.8,49,99,9.28
126,Port Hardy,CA,2022-04-03 10:28:28,50.6996,-127.4199,42.8,93,100,8.05
127,Scottsbluff,US,2022-04-03 10:28:29,41.8666,-103.6672,41.77,59,0,11.99
128,Caapucu,PY,2022-04-03 10:28:29,-26.2167,-57.2,67.78,94,99,6.42
129,Yuncheng,CN,2022-04-03 10:28:29,35.0231,110.9928,68.23,33,25,15.26
130,Hasaki,JP,2022-04-03 10:28:29,35.7333,140.8333,52.2,59,100,14.74
131,Roma,US,2022-04-03 10:26:39,43.2128,-75.4557,36.09,70,100,5.75
132,Minamiashigara,JP,2022-04-03 10:28:30,35.3193,139.099,48.47,91,100,8.48
133,Tanout,NE,2022-04-03 10:28:30,14.9709,8.8879,97.75,2,68,10.0
134,Asau,RO,2022-04-03 10:28:30,46.4333,26.4,36.52,54,91,10.83
135,Hovd,MN,2022-04-03 10:29:31,48.0056,91.6419,53.56,12,1,8.46
136,Enumclaw,US,2022-04-03 10:28:52,47.2043,-121.9915,45.23,87,100,1.99
137,Bahia Blanca,AR,2022-04-03 10:29:31,-38.7196,-62.2724,60.87,48,76,20.2
138,Meulaboh,ID,2022-04-03 10:29:31,4.1363,96.1285,74.52,94,100,6.4
139,Riyadh,SA,2022-04-03 10:28:07,24.6877,46.7219,96.94,7,5,3.87
140,Saint-Philippe,RE,2022-04-03 10:29:32,-21.3585,55.7679,76.59,92,99,19.57
141,Mahebourg,MU,2022-04-03 10:29:32,-20.4081,57.7,84.25,78,40,17.27
142,Cabo San Lucas,MX,2022-04-03 10:25:07,22.8909,-109.9124,67.51,75,92,12.5
143,Cockburn Town,TC,2022-04-03 10:29:32,21.4612,-71.1419,77.7,79,65,18.28
144,Chokurdakh,RU,2022-04-03 10:29:33,70.6333,147.9167,-14.53,99,18,4.36
145,Zhigansk,RU,2022-04-03 10:29:33,66.7697,123.3711,15.08,95,100,4.85
146,Bensonville,LR,2022-04-03 10:29:33,6.4461,-10.6125,83.75,73,89,4.16
147,Cidreira,BR,2022-04-03 10:29:33,-30.1811,-50.2056,69.76,79,94,17.54
148,Pangnirtung,CA,2022-04-03 10:29:34,66.1451,-65.7125,15.15,71,32,6.02
149,Sitka,US,2022-04-03 10:29:34,57.0531,-135.33,37.29,81,100,23.02
150,San Cristobal,VE,2022-04-03 10:29:34,7.7669,-72.225,66.38,77,38,2.64
151,Campbellton,CA,2022-04-03 10:29:35,48.0075,-66.6727,27.05,82,43,8.95
152,Galway,IE,2022-04-03 10:24:42,53.2719,-9.0489,44.33,72,88,4.99
153,Senneterre,CA,2022-04-03 10:29:35,48.3835,-77.2328,27.88,99,100,3.04
154,Berlevag,NO,2022-04-03 10:29:35,70.8578,29.0864,30.0,64,100,17.05
155,Bud,US,2022-04-03 10:29:35,39.447,-86.1758,36.16,91,66,5.84
156,Raudeberg,NO,2022-04-03 10:29:36,61.9875,5.1352,38.95,94,100,12.21
157,Teguise,ES,2022-04-03 10:29:36,29.0605,-13.564,62.82,68,40,9.22
158,Umm Kaddadah,SD,2022-04-03 10:29:36,13.6017,26.6876,99.97,7,49,12.03
159,Preobrazheniye,RU,2022-04-03 10:29:37,42.9019,133.9064,38.89,75,0,7.83
160,Longyearbyen,SJ,2022-04-03 10:29:37,78.2186,15.6401,8.44,56,20,17.27
161,Upernavik,GL,2022-04-03 10:29:37,72.7868,-56.1549,9.36,87,95,8.25
162,Tiznit,MA,2022-04-03 10:29:38,29.5833,-9.5,59.56,58,9,4.38
163,Yaan,NG,2022-04-03 10:29:38,7.3833,8.5667,92.44,44,96,10.11
164,Tura,IN,2022-04-03 10:27:30,25.5198,90.2201,83.05,62,28,4.25
165,Gerash,IR,2022-04-03 10:29:38,27.6652,54.1371,91.54,6,49,7.49
166,Pionerskiy,RU,2022-04-03 10:29:38,54.9508,20.2275,39.04,56,12,11.1
167,Grand-Santi,GF,2022-04-03 10:29:18,4.25,-54.3833,72.55,100,100,1.41
168,Havre-Saint-Pierre,CA,2022-04-03 10:29:39,50.2334,-63.5986,32.0,64,0,17.27
169,Hami,CN,2022-04-03 10:29:39,42.8,93.45,69.44,11,91,14.41
170,Roald,NO,2022-04-03 10:29:39,62.5833,6.1333,40.33,87,75,5.75
171,Touros,BR,2022-04-03 10:29:40,-5.1989,-35.4608,77.86,88,100,10.33
172,Lebu,CL,2022-04-03 10:29:40,-37.6167,-73.65,46.85,83,90,7.07
173,Barrow,US,2022-04-03 10:29:40,71.2906,-156.7887,-9.38,70,100,16.11
174,Severo-Kurilsk,RU,2022-04-03 10:29:41,50.6789,156.125,29.89,81,75,14.32
175,Brae,GB,2022-04-03 10:29:41,60.3964,-1.353,44.82,86,100,22.03
176,Srivardhan,IN,2022-04-03 10:29:41,18.0333,73.0167,85.95,57,70,14.67
177,Nouakchott,MR,2022-04-03 10:29:41,18.0858,-15.9785,67.93,72,5,14.16
178,Tiarei,PF,2022-04-03 10:29:42,-17.5333,-149.3333,78.82,79,49,7.43
179,Thohoyandou,ZA,2022-04-03 10:29:42,-22.9456,30.485,87.04,36,5,7.2
180,Teya,RU,2022-04-03 10:29:42,60.3778,92.6267,27.54,71,99,7.74
181,Ransang,PH,2022-04-03 10:29:43,8.9603,117.5828,81.41,76,99,2.1
182,Yafran,LY,2022-04-03 10:30:43,32.0633,12.5286,73.8,22,1,8.19
183,Flinders,AU,2022-04-03 10:30:43,-34.5833,150.8552,67.37,66,7,3.0
184,Carnarvon,AU,2022-04-03 10:30:44,-24.8667,113.6333,78.87,83,100,11.5
185,Bilibino,RU,2022-04-03 10:30:38,68.0546,166.4372,-0.53,95,100,4.36
186,Naze,JP,2022-04-03 10:30:44,28.3667,129.4833,58.12,79,100,13.44
187,Amapa,BR,2022-04-03 10:30:44,1.0,-52.0,73.76,99,100,1.54
188,Avarua,CK,2022-04-03 10:30:45,-21.2078,-159.775,73.45,100,100,2.3
189,Tromso,NO,2022-04-03 10:30:45,69.6496,18.957,30.22,74,0,4.61
190,Codrington,AU,2022-04-03 10:30:45,-38.2667,141.9667,58.8,85,69,4.97
191,Georgetown,MY,2022-04-03 10:29:35,5.4112,100.3354,82.33,82,40,11.5
192,Ust-Maya,RU,2022-04-03 10:30:46,60.4167,134.5333,12.18,95,100,3.0
193,Dubbo,AU,2022-04-03 10:30:46,-32.25,148.6167,60.93,51,31,4.61
194,Provideniya,RU,2022-04-03 10:30:46,64.3833,-173.3,3.74,69,0,9.86
195,Watertown,US,2022-04-03 10:26:34,42.3709,-71.1828,38.57,70,0,3.44
196,Aykhal,RU,2022-04-03 10:29:56,66.0,111.5,10.69,87,100,4.9
197,Kaarina,FI,2022-04-03 10:30:46,60.4072,22.369,39.34,52,75,12.66
198,Santa Cruz,BO,2022-04-03 10:30:47,-17.8,-63.1667,66.25,88,1,13.8
199,Manaure,CO,2022-04-03 10:30:47,11.7751,-72.4445,76.66,80,90,7.74
200,Port Moresby,PG,2022-04-03 10:30:47,-9.4431,147.1797,77.52,84,100,4.23
201,Ondjiva,AO,2022-04-03 10:30:47,-17.0667,15.7333,77.04,69,40,5.75
202,Saldanha,ZA,2022-04-03 10:30:48,-33.0117,17.9442,77.05,62,0,7.87
203,Namibe,AO,2022-04-03 10:30:48,-15.1961,12.1522,74.03,73,100,9.22
204,Bubaque,GW,2022-04-03 10:30:48,11.2833,-15.8333,74.48,63,97,6.17
205,Kavaratti,IN,2022-04-03 10:30:49,10.5669,72.642,83.26,68,32,4.94
206,Clyde River,CA,2022-04-03 10:30:49,70.4692,-68.5914,5.23,92,75,4.61
207,Fortuna,US,2022-04-03 10:29:06,40.5982,-124.1573,45.93,96,100,0.0
208,Balkanabat,TM,2022-04-03 10:30:49,39.5108,54.3671,90.01,7,0,7.65
209,Tigzirt,DZ,2022-04-03 10:30:50,36.8886,4.1198,49.48,73,100,7.61
210,Almaznyy,RU,2022-04-03 10:30:50,48.0448,40.045,61.75,46,85,23.31
211,North Platte,US,2022-04-03 10:29:37,41.1239,-100.7654,42.39,65,0,4.0
212,Gigmoto,PH,2022-04-03 10:30:50,13.7796,124.39,77.95,79,23,8.19
213,Mount Gambier,AU,2022-04-03 10:30:51,-37.8333,140.7667,55.31,88,40,6.91
214,Bam,IR,2022-04-03 10:30:51,29.106,58.357,90.72,5,0,12.19
215,Mayumba,GA,2022-04-03 10:30:51,-3.432,10.6554,82.87,77,82,6.62
216,Labuhan,ID,2022-04-03 10:30:52,-6.8844,112.2051,81.46,78,39,3.65
217,Leningradskiy,RU,2022-04-03 10:30:52,69.3833,178.4167,-17.9,100,98,4.56
218,Ravar,IR,2022-04-03 10:30:52,31.2656,56.8055,85.44,8,0,12.28
219,Cayenne,GF,2022-04-03 10:30:05,4.9333,-52.3333,77.09,1,75,12.66
220,Izumo,JP,2022-04-03 10:30:52,35.3667,132.7667,51.75,66,20,14.97
221,Ust-Kuyga,RU,2022-04-03 10:30:53,70.0167,135.6,-15.63,95,90,4.16
222,Torbay,CA,2022-04-03 10:30:26,47.6666,-52.7314,35.58,89,100,19.57
223,Chimoio,MZ,2022-04-03 10:30:53,-19.1164,33.4833,82.26,65,75,10.36
224,Kenora,CA,2022-04-03 10:30:29,49.8167,-94.4337,27.57,86,40,4.61
225,Yumen,CN,2022-04-03 10:30:53,40.2833,97.2,58.77,11,83,19.3
226,East London,ZA,2022-04-03 10:30:11,-33.0153,27.9116,76.14,73,0,13.8
227,Poum,NC,2022-04-03 10:30:54,-20.2333,164.0167,82.42,83,96,15.26
228,Comodoro Rivadavia,AR,2022-04-03 10:31:19,-45.8667,-67.5,44.46,65,0,8.05
229,Ayan,RU,2022-04-03 10:31:54,56.45,138.1667,26.19,90,100,10.04
230,Nortelandia,BR,2022-04-03 10:31:54,-14.4547,-56.8028,71.1,91,17,0.49
231,Yerbogachen,RU,2022-04-03 10:31:55,61.2767,108.0108,19.42,80,100,9.53
232,Dunedin,NZ,2022-04-03 10:31:48,-45.8742,170.5036,55.8,83,28,4.74
233,Tefe,BR,2022-04-03 10:31:55,-3.3542,-64.7114,70.59,98,99,1.41
234,Shenjiamen,CN,2022-04-03 10:31:55,29.9576,122.298,50.56,63,0,10.74
235,Luderitz,NA,2022-04-03 10:31:55,-26.6481,15.1594,67.35,66,0,13.44
236,Victoria,HK,2022-04-03 10:27:05,22.2855,114.1577,70.25,53,0,11.01
237,Minab,IR,2022-04-03 10:31:56,27.1467,57.0801,97.12,24,0,6.91
238,Gamba,GA,2022-04-03 10:31:56,-2.65,10.0,84.09,70,100,7.61
239,Lachi,PK,2022-04-03 10:31:56,33.3833,71.3386,92.21,10,0,9.6
240,Stanilesti,RO,2022-04-03 10:31:57,46.6183,28.1714,49.32,54,93,14.76
241,Araouane,ML,2022-04-03 10:31:57,18.9048,-3.5265,99.28,8,0,7.4
242,Salmas,IR,2022-04-03 10:31:57,38.1973,44.7653,75.63,11,19,9.01
243,Amarpur,IN,2022-04-03 10:31:58,25.0333,86.9,102.83,17,1,7.94
244,Mana,GF,2022-04-03 10:31:58,5.6592,-53.7767,78.01,88,100,10.2
245,Tremedal,BR,2022-04-03 10:31:58,-14.9758,-41.4108,72.1,78,31,6.08
246,Churapcha,RU,2022-04-03 10:31:59,62.0025,132.4325,14.23,96,100,4.32
247,Aklavik,CA,2022-04-03 10:31:59,68.2191,-135.0107,-22.2,99,99,3.09
248,Russell,US,2022-04-03 10:31:59,32.3502,-85.1999,49.23,100,0,0.0
249,Airai,TL,2022-04-03 10:31:59,-8.9266,125.4092,60.12,92,47,1.83
250,Nanortalik,GL,2022-04-03 10:32:00,60.1432,-45.2371,36.01,84,99,2.37
251,Ruse,BG,2022-04-03 10:32:00,43.8564,25.9708,54.19,44,44,21.99
252,North Bend,US,2022-04-03 10:32:00,43.4065,-124.2243,42.85,99,20,8.05
253,Bairiki,KI,2022-04-03 10:32:01,1.3292,172.9752,80.6,89,20,8.05
254,Redcar,GB,2022-04-03 10:32:01,54.6166,-1.06,51.35,57,94,4.0
255,Kaitangata,NZ,2022-04-03 10:32:01,-46.2817,169.8464,48.25,95,58,4.54
256,Sorland,NO,2022-04-03 10:32:02,67.667,12.6934,33.78,69,100,35.68
257,Kodiak,US,2022-04-03 10:32:02,57.79,-152.4072,26.11,100,0,5.75
258,Vostok,RU,2022-04-03 10:32:02,46.4856,135.8833,32.45,79,1,7.47
259,Floriano,BR,2022-04-03 10:32:02,-6.7669,-43.0225,77.9,78,84,6.64
260,Lidkoping,SE,2022-04-03 10:32:03,58.5052,13.1577,45.41,42,36,10.8
261,Gambela,ET,2022-04-03 10:32:03,8.25,34.5833,103.46,21,87,8.55
262,Khani,GE,2022-04-03 10:32:03,41.9563,42.9566,71.17,78,83,4.56
263,Sur,OM,2022-04-03 10:32:04,22.5667,59.5289,88.95,43,5,8.99
264,Pringsewu,ID,2022-04-03 10:32:04,-5.3582,104.9744,75.94,92,100,2.17
265,Cururupu,BR,2022-04-03 10:32:04,-1.8283,-44.8683,78.78,90,56,3.98
266,Kjopsvik,NO,2022-04-03 10:32:05,68.097,16.3742,29.17,78,100,8.5
267,Iquique,CL,2022-04-03 10:30:50,-20.2208,-70.1431,60.84,73,26,3.76
268,Olafsvik,IS,2022-04-03 10:32:05,64.8945,-23.7142,40.89,89,100,12.39
269,Fairbanks,US,2022-04-03 10:27:59,64.8378,-147.7164,15.76,78,100,6.91
270,Tieli,CN,2022-04-03 10:32:05,46.95,128.05,53.49,37,0,15.1
271,Honiara,SB,2022-04-03 10:31:46,-9.4333,159.95,78.4,88,95,2.15
272,Dingle,PH,2022-04-03 10:32:06,10.9995,122.6711,79.27,77,99,6.24
273,Azanka,RU,2022-04-03 10:33:06,58.0401,64.7893,36.07,95,100,10.58
274,Asyut,EG,2022-04-03 10:33:06,27.181,31.1837,93.38,4,100,10.89
275,Geraldton,AU,2022-04-03 10:33:07,-28.7667,114.6,77.41,83,75,12.66
276,Souillac,MU,2022-04-03 10:33:07,-20.5167,57.5167,82.78,78,40,17.27
277,Sistranda,NO,2022-04-03 10:33:07,63.7256,8.834,37.36,70,100,13.09
278,Mut,TR,2022-04-03 10:33:08,36.6439,33.4389,75.7,21,59,0.67
279,Saskylakh,RU,2022-04-03 10:33:08,71.9167,114.0833,-2.97,97,100,9.82
280,Wadi Maliz,TN,2022-04-03 10:33:08,36.4681,8.5495,47.86,63,100,5.21
281,Marawi,PH,2022-04-03 10:33:08,7.9986,124.2928,69.42,97,100,2.1
282,Jacksonville Beach,US,2022-04-03 10:33:09,30.2947,-81.3931,60.12,96,0,8.05
283,Mashhad,IR,2022-04-03 10:33:09,36.297,59.6062,80.74,22,0,4.61
284,Wana,PK,2022-04-03 10:33:09,32.2989,69.5725,80.76,5,1,10.89
285,New Norfolk,AU,2022-04-03 10:33:10,-42.7826,147.0587,56.91,84,100,1.3
286,Malakal,SS,2022-04-03 10:30:08,9.5334,31.6605,107.8,15,20,3.24
287,Tabuk,PH,2022-04-03 10:33:10,17.4189,121.4443,72.61,94,98,6.96
288,Przasnysz,PL,2022-04-03 10:33:10,53.0191,20.8803,43.38,32,16,10.22
289,Glendive,US,2022-04-03 10:33:11,47.1053,-104.7125,42.49,90,100,14.0
290,Kieta,PG,2022-04-03 10:33:11,-6.2167,155.6333,79.14,86,99,3.83
291,Tignere,CM,2022-04-03 10:33:11,7.3667,12.65,95.83,18,90,3.38
292,Stabat,ID,2022-04-03 10:33:11,3.761,98.4513,84.4,90,98,3.29
293,Taltal,CL,2022-04-03 10:33:12,-25.4,-70.4833,61.75,73,0,2.53
294,Ponnani,IN,2022-04-03 10:33:12,10.767,75.9252,90.72,69,11,13.02
295,Eureka,US,2022-04-03 10:33:12,40.8021,-124.1637,46.2,80,67,4.29
296,Kruisfontein,ZA,2022-04-03 10:33:13,-34.0033,24.7314,71.89,57,88,4.5
297,Mount Isa,AU,2022-04-03 10:33:13,-20.7333,139.5,82.17,26,9,0.0
298,Half Moon Bay,US,2022-04-03 10:33:13,37.4636,-122.4286,56.48,79,0,10.36
299,Danilovka,RU,2022-04-03 10:33:13,50.3557,44.1168,59.77,58,64,16.6
300,Tucumcari,US,2022-04-03 10:33:14,35.1717,-103.725,58.84,23,0,18.41
301,Coahuayana,MX,2022-04-03 10:33:14,18.7333,-103.6833,64.51,63,1,2.37
302,Saint-Georges,GD,2022-04-03 10:33:14,12.0564,-61.7485,78.48,73,20,14.97
303,Suluq,LY,2022-04-03 10:33:15,31.6682,20.2521,83.68,13,99,9.44
304,Chotila,IN,2022-04-03 10:33:15,22.4167,71.1833,101.8,12,0,8.25
305,Pacific Grove,US,2022-04-03 10:33:15,36.6177,-121.9166,50.67,93,100,5.99
306,Zacatepec,MX,2022-04-03 10:33:15,18.65,-99.2,76.42,34,25,0.45
307,Broome,US,2022-04-03 10:33:16,42.2506,-75.833,36.86,79,100,5.75
308,Okato,NZ,2022-04-03 10:33:16,-39.2,173.8833,56.91,88,9,2.24
309,Vestmannaeyjar,IS,2022-04-03 10:33:16,63.4427,-20.2734,45.59,100,100,20.71
310,Beringovskiy,RU,2022-04-03 10:33:17,63.05,179.3167,-5.89,96,95,12.57
311,Sola,VU,2022-04-03 10:33:17,-13.8833,167.55,78.42,83,100,9.98
312,Douentza,ML,2022-04-03 10:33:17,14.9951,-2.9517,101.77,9,3,10.65
313,Qaqortoq,GL,2022-04-03 10:33:18,60.7167,-46.0333,36.52,76,97,2.66
314,Sao Filipe,CV,2022-04-03 10:33:18,14.8961,-24.4956,71.01,73,43,8.9
315,Nome,US,2022-04-03 10:33:18,64.5011,-165.4064,14.07,48,0,8.05
316,Tornio,FI,2022-04-03 10:33:18,65.8481,24.1466,28.42,69,98,5.44
317,San-Pedro,CI,2022-04-03 10:33:19,4.7485,-6.6363,86.58,61,100,7.72
318,Guadalajara,MX,2022-04-03 10:33:19,20.6667,-103.3333,60.98,41,0,0.0
319,Ocos,GT,2022-04-03 10:33:19,14.5094,-92.1933,79.72,74,2,9.35
320,Carutapera,BR,2022-04-03 10:34:20,-1.195,-46.02,78.51,90,71,5.75
321,Abnub,EG,2022-04-03 10:34:20,27.2696,31.1511,93.42,4,100,11.7
322,Malatya,TR,2022-04-03 10:34:20,38.5,38.0,73.45,18,0,21.85
323,Xining,CN,2022-04-03 10:30:38,36.6167,101.7667,52.45,19,100,14.61
324,Mattru,SL,2022-04-03 10:34:20,7.6244,-11.8332,83.59,69,100,2.95
325,Lunenburg,CA,2022-04-03 10:30:26,44.3835,-64.3155,32.05,74,47,8.05
326,Husavik,IS,2022-04-03 10:34:21,66.0449,-17.3389,34.03,99,100,6.55
327,Lingao,CN,2022-04-03 10:34:21,19.9103,109.6859,65.41,73,53,13.44
328,Aviles,ES,2022-04-03 10:33:53,43.5547,-5.9248,49.39,71,40,11.01
329,Khorramshahr,IR,2022-04-03 10:34:21,30.4397,48.1664,96.76,7,0,9.22
330,Talnakh,RU,2022-04-03 10:33:13,69.4865,88.3972,11.21,94,100,2.77
331,Vila Franca Do Campo,PT,2022-04-03 10:34:22,37.7167,-25.4333,61.21,79,98,19.08
332,Chake Chake,TZ,2022-04-03 10:34:22,-5.2459,39.7666,90.79,53,81,4.85
333,Ahipara,NZ,2022-04-03 10:34:22,-35.1667,173.1667,63.03,90,0,2.51
334,Lorengau,PG,2022-04-03 10:34:23,-2.0226,147.2712,80.38,78,99,2.19
335,Constitucion,CL,2022-04-03 10:34:23,-35.3333,-72.4167,51.21,57,38,13.22
336,Kahului,US,2022-04-03 10:34:23,20.8947,-156.47,73.85,78,0,14.97
337,Mangai,CD,2022-04-03 10:34:24,-4.05,19.5333,90.23,46,99,2.55
338,Baherden,TM,2022-04-03 10:34:24,38.4362,57.4316,90.75,10,13,5.7
339,Yagodnoye,RU,2022-04-03 10:34:24,62.55,149.6667,-11.09,98,53,2.98
340,Shingu,JP,2022-04-03 10:34:24,33.7333,135.9833,51.75,91,100,9.19
341,Alice Springs,AU,2022-04-03 10:34:25,-23.7,133.8833,71.15,32,2,8.05
342,Canon City,US,2022-04-03 10:34:25,38.441,-105.2424,55.38,46,0,8.05
343,Konakovo,RU,2022-04-03 10:34:25,56.7,36.7667,32.92,78,100,11.95
344,Lokosovo,RU,2022-04-03 10:34:26,61.1333,74.8167,27.91,89,96,7.09
345,San Jose,US,2022-04-03 10:31:22,37.3394,-121.895,55.22,76,0,0.0
346,Marquette,US,2022-04-03 10:34:26,46.5333,-87.6335,31.77,91,97,5.48
347,Key West,US,2022-04-03 10:29:35,24.5557,-81.7826,80.6,82,0,17.27
348,Sinazongwe,ZM,2022-04-03 10:34:26,-17.2614,27.4618,82.22,63,17,12.93
349,Mendota,US,2022-04-03 10:34:27,36.7536,-120.3816,53.87,56,100,6.15
350,Moron,AR,2022-04-03 10:34:27,-34.6534,-58.6198,64.15,86,19,5.93
351,Ulaanbaatar,MN,2022-04-03 10:34:27,47.9077,106.8832,55.53,10,40,11.18
352,Andenes,NO,2022-04-03 10:34:27,69.3143,16.1194,31.98,64,20,19.57
353,Jalu,LY,2022-04-03 10:34:28,29.0331,21.5482,90.07,9,0,14.09
354,Khatanga,RU,2022-04-03 10:34:28,71.9667,102.5,-8.36,95,79,7.14
355,Dubrovnik,HR,2022-04-03 10:34:28,42.6481,18.0922,40.64,93,75,12.66
356,Changping,CN,2022-04-03 10:34:29,40.2186,116.2197,65.84,18,0,7.0
357,Petauke,ZM,2022-04-03 10:34:29,-14.2426,31.3253,72.27,78,95,6.73
358,Orlik,RU,2022-04-03 10:34:29,52.5178,99.825,33.12,76,99,5.26
359,Balykshi,KZ,2022-04-03 10:34:29,47.0667,51.8667,73.4,28,0,6.71
360,Beyneu,KZ,2022-04-03 10:34:30,45.3167,55.2,79.81,16,11,20.56
361,Mayya,RU,2022-04-03 10:34:30,61.7333,130.2811,22.32,95,100,3.85
362,Guzelyurt,TR,2022-04-03 10:34:30,38.2772,34.3719,61.3,22,100,18.84
363,Faanui,PF,2022-04-03 10:35:30,-16.4833,-151.75,80.78,76,7,6.42
364,Soubre,CI,2022-04-03 10:35:31,5.7856,-6.6083,87.96,55,99,4.85
365,Arroyo,ES,2022-04-03 10:35:31,41.6096,-4.7969,48.18,60,75,11.5
366,Hofn,IS,2022-04-03 10:35:31,64.2539,-15.2082,41.68,91,100,4.16
367,Nayudupeta,IN,2022-04-03 10:35:32,13.9,79.9,99.48,40,2,15.99
368,Mountain Home,US,2022-04-03 10:35:32,43.133,-115.6912,26.08,100,0,0.0
369,Ambon,ID,2022-04-03 10:35:32,-3.6954,128.1814,82.08,68,87,3.2
370,Pizhanka,RU,2022-04-03 10:35:33,57.4604,48.542,37.54,100,100,14.41
371,Kropotkin,RU,2022-04-03 10:35:33,45.4375,40.5756,67.71,45,100,14.36
372,Qandala,SO,2022-04-03 10:35:33,11.472,49.8728,87.08,47,21,7.09
373,Manado,ID,2022-04-03 10:35:33,1.487,124.8455,79.57,89,40,5.75
374,Grindavik,IS,2022-04-03 10:35:34,63.8424,-22.4338,43.27,100,100,18.41
375,Comacchio,IT,2022-04-03 10:35:34,44.6975,12.1858,51.89,52,84,13.09
376,Bathsheba,BB,2022-04-03 10:35:34,13.2167,-59.5167,77.61,73,40,16.11
377,Mehran,IR,2022-04-03 10:35:35,33.1222,46.1646,97.21,7,95,11.01
378,Srednekolymsk,RU,2022-04-03 10:35:35,67.45,153.6833,-12.84,100,33,3.65
379,Kyabe,TD,2022-04-03 10:35:35,9.4515,18.9449,103.55,17,69,5.39
380,Uyskoye,RU,2022-04-03 10:35:36,54.3775,60.0047,44.87,85,100,13.87
381,Baltay,RU,2022-04-03 10:35:36,52.4652,46.6308,50.45,86,95,18.75
382,Dudinka,RU,2022-04-03 10:32:14,69.4058,86.1778,11.62,97,96,4.18
383,Tahe,CN,2022-04-03 10:35:36,52.3333,124.7333,41.41,72,100,10.76
384,Kuzedeyevo,RU,2022-04-03 10:35:37,53.3308,87.2019,39.18,96,100,8.93
385,Setermoen,NO,2022-04-03 10:35:37,68.861,18.3486,28.36,57,91,13.0
386,Gobabis,NA,2022-04-03 10:35:37,-22.45,18.9667,70.29,56,99,7.09
387,Belyy Yar,RU,2022-04-03 10:35:37,53.6039,91.3903,38.86,93,75,2.24
388,Turbat,PK,2022-04-03 10:35:38,26.0023,63.044,103.68,7,78,19.15
389,Port Lincoln,AU,2022-04-03 10:35:31,-34.7333,135.8667,61.47,77,0,9.01
390,Taksimo,RU,2022-04-03 10:35:38,56.3444,114.8794,16.83,66,97,8.7
391,Yulara,AU,2022-04-03 10:35:38,-25.2406,130.9889,76.84,18,0,4.61
392,Townsville,AU,2022-04-03 10:35:39,-19.25,146.8,81.48,78,40,10.36
393,Lavrentiya,RU,2022-04-03 10:35:39,65.5833,-171.0,-8.27,91,10,10.09
394,Anadyr,RU,2022-04-03 10:35:39,64.75,177.4833,1.9,66,0,4.47
395,Balikpapan,ID,2022-04-03 10:35:39,-1.2675,116.8289,77.99,100,20,1.14
396,Consolacion Del Sur,CU,2022-04-03 10:35:40,22.5047,-83.5136,70.0,94,6,1.68
397,Blagoyevo,RU,2022-04-03 10:35:40,63.3667,47.9167,28.83,91,100,11.25
398,Fort Nelson,CA,2022-04-03 10:35:40,58.8053,-122.7002,17.19,79,75,0.0
399,Salalah,OM,2022-04-03 10:35:41,17.0151,54.0924,95.09,29,0,12.66
400,Tautira,PF,2022-04-03 10:35:41,-17.7333,-149.15,81.57,79,26,8.3
401,Skibotn,NO,2022-04-03 10:35:41,69.3913,20.2679,28.36,66,53,7.99
402,Kande,TG,2022-04-03 10:35:42,9.9578,1.0447,86.34,33,75,7.85
403,Newport,GB,2022-04-03 10:35:42,51.5877,-2.9984,50.11,59,94,3.15
404,Nacala,MZ,2022-04-03 10:35:42,-14.5428,40.6728,85.33,64,10,7.11
405,Opunake,NZ,2022-04-03 10:35:42,-39.4556,173.8583,57.85,87,7,5.93
406,Mnogovershinnyy,RU,2022-04-03 10:35:43,53.9353,139.9242,28.8,94,100,3.65
407,Kyzyl-Suu,KG,2022-04-03 10:35:43,42.3414,78.0056,51.35,50,0,4.12
408,Anand,IN,2022-04-03 10:36:43,22.5667,72.9333,103.98,7,1,11.07
409,Tecoanapa,MX,2022-04-03 10:36:44,16.5167,-98.75,72.18,68,43,3.78
410,Komoro,JP,2022-04-03 10:36:44,36.3167,138.4333,40.75,93,100,1.99
411,Verkhnyaya Inta,RU,2022-04-03 10:36:44,65.9811,60.3094,26.35,65,51,14.61
412,Buala,SB,2022-04-03 10:36:45,-8.145,159.5921,80.01,84,66,5.99
413,Libertador General San Martin,AR,2022-04-03 10:35:04,-23.8064,-64.7876,51.98,70,0,2.53
414,Nyagan,RU,2022-04-03 10:36:45,62.1406,65.3936,26.87,89,100,11.05
415,Beian,NO,2022-04-03 10:36:45,63.6559,9.5683,37.56,70,75,10.36
416,Boyolangu,ID,2022-04-03 10:36:46,-8.1181,111.8935,78.53,85,54,5.01
417,Adiake,CI,2022-04-03 10:36:46,5.2863,-3.304,88.74,60,100,6.89
418,Puerto Leguizamo,CO,2022-04-03 10:36:46,-0.1934,-74.7819,69.06,99,100,1.86
419,Lata,PT,2022-04-03 10:36:47,40.1629,-8.3327,53.82,28,0,8.43
420,Karatau,KZ,2022-04-03 10:36:47,43.1667,70.4667,71.29,33,4,8.7
421,Chicama,PE,2022-04-03 10:36:47,-7.8447,-79.1469,63.14,83,96,5.86
422,Traverse City,US,2022-04-03 10:36:47,44.7631,-85.6206,35.8,97,100,4.61
423,Ilulissat,GL,2022-04-03 10:36:48,69.2167,-51.1,26.62,80,100,13.8
424,Caravelas,BR,2022-04-03 10:36:48,-17.7125,-39.2481,79.32,79,21,1.61
425,Horizontina,BR,2022-04-03 10:36:48,-27.6258,-54.3078,62.4,95,92,7.14
426,Jinchang,CN,2022-04-03 10:36:49,38.4953,102.1739,58.15,10,100,9.62
427,Dutse,NG,2022-04-03 10:36:49,11.7594,9.3392,99.25,7,100,3.18
428,Svetlogorsk,BY,2022-04-03 10:36:49,52.6333,29.7333,34.0,76,100,12.26
429,Marystown,CA,2022-04-03 10:36:50,47.1666,-55.1483,33.85,100,99,8.99
430,Okha,RU,2022-04-03 10:36:50,53.5739,142.9478,25.97,94,100,6.93
431,Vanimo,PG,2022-04-03 10:36:50,-2.6741,141.3028,79.25,83,99,1.14
432,Taywarah,AF,2022-04-03 10:36:51,33.35,64.4167,59.92,10,0,7.4
433,Jiwani,PK,2022-04-03 10:36:51,25.05,61.7417,82.94,53,53,7.72
434,Mega,ET,2022-04-03 10:36:51,4.05,38.3,81.72,24,100,21.56
435,Houston,US,2022-04-03 10:31:59,29.7633,-95.3633,66.06,88,100,5.75
436,Belmonte,BR,2022-04-03 10:36:52,-15.8631,-38.8828,79.25,78,51,4.0
437,Port Macquarie,AU,2022-04-03 10:36:52,-31.4333,152.9167,65.89,79,98,6.04
438,Contamana,PE,2022-04-03 10:36:52,-7.3333,-75.0167,63.72,89,38,1.21
439,Porto Walter,BR,2022-04-03 10:36:52,-8.2686,-72.7439,66.4,96,53,2.33
440,Narimanov,RU,2022-04-03 10:36:53,46.6927,47.8498,75.11,24,61,8.5
441,Ratnagiri,IN,2022-04-03 10:36:53,16.9833,73.3,85.62,59,97,13.04
442,Kuzovatovo,RU,2022-04-03 10:36:53,53.5468,47.6866,54.88,69,80,18.81
443,Batemans Bay,AU,2022-04-03 10:36:54,-35.7167,150.1833,67.1,61,1,9.28
444,Cap-Aux-Meules,CA,2022-04-03 10:36:54,47.3821,-61.8597,33.82,69,40,26.46
445,Vanavara,RU,2022-04-03 10:36:54,60.34,102.2797,20.98,77,100,8.05
446,Dhidhdhoo,MV,2022-04-03 10:36:54,6.8833,73.1,83.91,68,8,4.34
447,Charlestown,AU,2022-04-03 10:36:55,-32.95,151.6667,68.41,67,99,6.44
448,Sechura,PE,2022-04-03 10:36:55,-5.5569,-80.8222,70.29,79,95,10.8
449,Boke,GN,2022-04-03 10:36:55,10.9409,-14.2967,90.84,31,66,3.49
450,Chama,CH,2022-04-03 10:37:56,47.1821,8.4636,39.94,73,40,6.91
451,Ozernovskiy,RU,2022-04-03 10:37:56,51.5,156.5167,29.8,78,93,11.05
452,Mojo,ET,2022-04-03 10:37:56,8.6,39.1167,84.87,23,12,15.66
453,Tra Vinh,VN,2022-04-03 10:37:57,9.9347,106.3453,81.28,72,79,7.76
454,Pushkino,RU,2022-04-03 10:37:57,56.0172,37.8667,34.09,90,100,12.93
455,Colares,PT,2022-04-03 10:37:57,38.7992,-9.4469,57.97,36,0,24.0
456,Rio Grande,BR,2022-04-03 10:37:58,-32.035,-52.0986,64.94,79,100,18.19
457,College,US,2022-04-03 10:37:58,64.8569,-147.8028,15.75,79,100,6.91
458,Samarai,PG,2022-04-03 10:37:58,-10.6167,150.6667,80.8,75,100,2.66
459,Malnate,IT,2022-04-03 10:37:58,45.7908,8.8819,52.72,55,36,5.99
460,Uray,RU,2022-04-03 10:37:59,60.1247,64.7758,28.38,96,100,15.43
461,Januaria,BR,2022-04-03 10:37:59,-15.4833,-44.3667,76.53,58,5,6.58
462,Vardo,NO,2022-04-03 10:37:59,70.3705,31.1107,29.71,71,100,13.8
463,Klaksvik,FO,2022-04-03 10:38:00,62.2266,-6.589,45.52,94,100,16.17
464,Itarema,BR,2022-04-03 10:38:00,-2.9248,-39.9167,78.21,84,71,9.51
465,Soyo,AO,2022-04-03 10:38:00,-6.1349,12.3689,81.77,79,100,9.01
466,Beloha,MG,2022-04-03 10:38:00,-25.1667,45.05,91.44,26,0,6.51
467,Romny,UA,2022-04-03 10:38:01,50.751,33.4747,37.62,69,100,8.7
468,Sao Joao Da Barra,BR,2022-04-03 10:38:01,-21.6403,-41.0511,68.09,86,17,7.49
469,Illapel,CL,2022-04-03 10:38:01,-31.6308,-71.1653,59.31,68,77,2.08
470,Nakuru,KE,2022-04-03 10:38:02,-0.2833,36.0667,79.02,35,85,13.06
471,Ternate,ID,2022-04-03 10:38:02,0.8,127.4,81.07,79,65,6.38
472,Bundaberg,AU,2022-04-03 10:38:02,-24.85,152.35,73.69,87,40,2.3
473,Camocim,BR,2022-04-03 10:38:03,-2.9022,-40.8411,77.45,81,49,9.24
474,Grand-Lahou,CI,2022-04-03 10:38:03,5.1367,-5.0242,85.73,67,100,10.56
475,Turukhansk,RU,2022-04-03 10:38:03,65.8167,87.9833,22.82,77,100,5.03
476,Pasighat,IN,2022-04-03 10:38:03,28.0667,95.3333,72.32,82,100,6.11
477,Drayton Valley,CA,2022-04-03 10:35:14,53.2168,-114.9854,29.19,87,11,8.01
478,Fort Wellington,GY,2022-04-03 10:38:04,6.4,-57.6,76.51,90,100,7.61
479,Muros,ES,2022-04-03 10:38:04,42.7762,-9.0603,55.09,51,2,14.72
480,Lima,PE,2022-04-03 10:35:40,-12.0432,-77.0282,68.9,80,100,5.75
481,Hollola,FI,2022-04-03 10:38:04,61.05,25.4333,36.43,52,34,5.46
482,La Libertad,EC,2022-04-03 10:38:05,-2.2333,-80.9,74.14,86,100,6.29
483,Ronne,DK,2022-04-03 10:38:05,55.1009,14.7066,39.11,56,78,11.5
484,Ranong,TH,2022-04-03 10:38:05,9.9658,98.6348,84.13,85,90,8.75
485,Libenge,CD,2022-04-03 10:38:06,3.65,18.6333,95.47,35,100,6.22
486,Tigil,RU,2022-04-03 10:38:06,57.8,158.6667,15.08,98,100,4.03
487,Senador Guiomard,BR,2022-04-03 10:38:06,-10.1522,-67.7392,69.55,96,52,3.06
488,Biltine,TD,2022-04-03 10:38:06,14.5333,20.9167,101.97,6,84,9.95
489,Catamarca,AR,2022-04-03 10:38:07,-28.4696,-65.7852,58.77,64,0,4.52
490,Oranjemund,NA,2022-04-03 10:38:07,-28.55,16.4333,65.97,73,39,9.78
491,Mugur-Aksy,RU,2022-04-03 10:38:07,50.35,90.5,34.84,68,85,6.13
492,Petropavlovsk-Kamchatskiy,RU,2022-04-03 10:38:08,53.0452,158.6483,27.19,54,0,11.18
493,Verkhnevilyuysk,RU,2022-04-03 10:38:08,63.4453,120.3167,14.92,94,98,3.58
494,Sault Sainte Marie,CA,2022-04-03 10:36:25,46.5168,-84.3333,32.29,92,100,3.44
495,Saint-Pierre,RE,2022-04-03 10:38:08,-21.3393,55.4781,76.68,88,75,3.44
496,Larsnes,NO,2022-04-03 10:38:08,62.2028,5.5773,40.68,87,100,2.86
497,Killybegs,IE,2022-04-03 10:39:09,54.6333,-8.45,47.91,68,98,12.41
498,Buraydah,SA,2022-04-03 10:39:09,26.326,43.975,95.45,6,47,5.7
499,Sovetskaya Gavan,RU,2022-04-03 10:39:09,48.9723,140.2878,34.61,84,100,6.96
500,Agirish,RU,2022-04-03 10:39:10,61.9247,63.0231,25.59,95,100,13.96
501,Aljezur,PT,2022-04-03 10:39:10,37.3191,-8.8033,59.04,31,100,13.09
502,Waipawa,NZ,2022-04-03 10:39:10,-41.4122,175.5153,53.64,93,54,2.13
503,Wasilla,US,2022-04-03 10:39:10,61.5814,-149.4394,32.36,61,0,8.05
504,Bosaso,SO,2022-04-03 10:39:11,11.2842,49.1816,84.18,84,0,18.41
505,Ukiah,US,2022-04-03 10:39:11,39.1502,-123.2078,54.64,83,0,0.0
506,Urman,RU,2022-04-03 10:39:11,54.8831,56.8742,51.31,75,100,15.93
507,Pisco,PE,2022-04-03 10:39:12,-13.7,-76.2167,63.01,88,84,8.05
508,Semey,KZ,2022-04-03 10:39:12,50.4111,80.2275,64.62,32,0,8.95
509,Praya,CV,2022-04-03 10:39:12,14.9215,-23.5087,73.94,64,40,11.5
510,Pak Phanang,TH,2022-04-03 10:39:13,8.3511,100.202,80.62,85,100,13.29
511,Loharu,IN,2022-04-03 10:39:13,28.45,75.8167,104.52,2,2,10.98
512,Chernyshevskiy,RU,2022-04-03 10:39:13,63.0128,112.4714,13.96,91,100,7.85
513,Novo Aripuana,BR,2022-04-03 10:39:14,-5.1206,-60.3797,70.83,99,99,1.52
514,Ovalle,CL,2022-04-03 10:39:14,-30.5983,-71.2003,60.42,74,1,0.96
515,Moissala,TD,2022-04-03 10:39:14,8.3404,17.7663,106.5,17,61,3.47
516,Krasnoselkup,RU,2022-04-03 10:35:14,65.7,82.4667,22.03,79,96,2.86
517,Zhanakorgan,KZ,2022-04-03 10:39:14,43.9098,67.2495,75.94,13,97,2.33
518,Rio Gallegos,AR,2022-04-03 10:39:15,-51.6226,-69.2181,42.85,52,75,12.66
519,Arman,RU,2022-04-03 10:39:15,59.7,150.1667,10.49,88,83,2.3
520,Mafinga,TZ,2022-04-03 10:39:15,-7.25,35.0667,85.03,41,54,5.66
521,Storsteinnes,NO,2022-04-03 10:39:16,69.2408,19.2344,29.05,65,36,7.16
522,Escanaba,US,2022-04-03 10:36:22,45.7453,-87.0646,34.25,100,100,3.44
523,Boali,CF,2022-04-03 10:39:16,4.8005,18.1275,98.08,32,88,8.61
524,Sipoo,FI,2022-04-03 10:39:16,60.3775,25.2691,41.16,41,20,6.91
525,Nador,MA,2022-04-03 10:39:17,35.174,-2.9287,59.25,51,75,17.27
526,Koutiala,ML,2022-04-03 10:39:17,12.3917,-5.4642,94.75,33,100,11.39
527,Kwinana,AU,2022-04-03 10:34:30,-32.25,115.7667,77.14,100,42,16.8
528,Kaoma,ZM,2022-04-03 10:39:17,-14.7833,24.8,78.64,62,14,5.03
529,Stawell,AU,2022-04-03 10:39:18,-37.05,142.7667,60.15,72,87,7.36
530,Tarko-Sale,RU,2022-04-03 10:39:18,64.9225,77.785,19.4,80,24,6.93
531,Te Anau,NZ,2022-04-03 10:39:18,-45.4167,167.7167,49.57,86,38,0.85
532,Lingdong,CN,2022-04-03 10:39:18,46.5669,131.1453,51.26,40,0,13.67
533,Lao Cai,VN,2022-04-03 10:39:19,22.4833,103.95,67.77,62,0,2.37
534,Mount Pleasant,US,2022-04-03 10:35:36,32.7941,-79.8626,55.99,97,0,4.61
535,Crotone,IT,2022-04-03 10:39:19,39.0851,17.1178,58.95,54,0,17.27
536,Erdenet,MN,2022-04-03 10:39:19,49.0333,104.0833,47.26,27,100,3.62
537,Baruun-Urt,MN,2022-04-03 10:39:20,46.6806,113.2792,52.95,14,54,9.26
538,Vagur,FO,2022-04-03 10:39:20,61.4732,-6.8119,43.43,96,100,27.2
539,Izberbash,RU,2022-04-03 10:39:20,42.5696,47.8645,59.09,60,47,5.17
540,Port Hawkesbury,CA,2022-04-03 10:34:44,45.6169,-61.3485,33.44,82,100,13.8
541,Sovetskaya,RU,2022-04-03 10:39:21,44.7769,41.1722,65.14,50,97,5.01
542,Marondera,ZW,2022-04-03 10:39:21,-18.1853,31.5519,76.17,46,10,8.48
